USE [TestArcusDB]
GO
SET IDENTITY_INSERT [dbo].[Categories] ON 

INSERT [dbo].[Categories] ([Id], [Name], [ModifiedDate], [CreatedDate], [ModifiedBy], [CreatedBy]) VALUES (1, N'Home', CAST(N'2016-06-16 12:40:05.880' AS DateTime), CAST(N'2016-06-16 12:40:05.880' AS DateTime), N'Initial Load', N'Initial Load')
INSERT [dbo].[Categories] ([Id], [Name], [ModifiedDate], [CreatedDate], [ModifiedBy], [CreatedBy]) VALUES (2, N'Services', CAST(N'2016-06-16 12:40:05.880' AS DateTime), CAST(N'2016-06-16 12:40:05.880' AS DateTime), N'Initial Load', N'Initial Load')
INSERT [dbo].[Categories] ([Id], [Name], [ModifiedDate], [CreatedDate], [ModifiedBy], [CreatedBy]) VALUES (3, N'Contact Us', CAST(N'2016-06-16 12:40:05.880' AS DateTime), CAST(N'2016-06-16 12:40:05.880' AS DateTime), N'Initial Load', N'Initial Load')
INSERT [dbo].[Categories] ([Id], [Name], [ModifiedDate], [CreatedDate], [ModifiedBy], [CreatedBy]) VALUES (4, N'About Us', CAST(N'2016-06-16 12:40:05.880' AS DateTime), CAST(N'2016-06-16 12:40:05.880' AS DateTime), N'Initial Load', N'Initial Load')
INSERT [dbo].[Categories] ([Id], [Name], [ModifiedDate], [CreatedDate], [ModifiedBy], [CreatedBy]) VALUES (5, N'NotesZone', CAST(N'2016-06-16 12:40:05.880' AS DateTime), CAST(N'2016-06-16 12:40:05.880' AS DateTime), N'Initial Load', N'Intial Load')
INSERT [dbo].[Categories] ([Id], [Name], [ModifiedDate], [CreatedDate], [ModifiedBy], [CreatedBy]) VALUES (6, N'HR Services', CAST(N'2016-06-16 12:40:05.880' AS DateTime), CAST(N'2016-06-16 12:40:05.880' AS DateTime), N'Initial Load', N'Initial  Load')
SET IDENTITY_INSERT [dbo].[Categories] OFF
SET IDENTITY_INSERT [dbo].[ItemContents] ON 

INSERT [dbo].[ItemContents] ([Id], [Title], [SortDescription], [Content], [SmallImage], [MediumImage], [BigImage], [IsActive], [IsDeleted], [ModifiedDate], [CreatedDate], [ModifiedBy], [CreatedBy], [ItemType]) VALUES (4, N'Just a Demo Text', N'Lorem ipsum pariatur velit pariatur dolore aliqua voluptate', N'Lorem ipsum pariatur velit pariatur dolore aliqua voluptate sed Duis dolor ea cillum qui anim consequat quis sunt ex eu culpa veniam nisi nulla non dolor esse sit aliquip irure in amet reprehenderit quis voluptate occaecat in enim Duis.Aliqua voluptate sed Duis dolor ea cillum qui anim consequat quis sunt ex eu culpa veniam nisi nulla non dolor esse sit aliquip irure in amet reprehenderit quis voluptate occaecat in enim Duis.', NULL, NULL, NULL, 1, 0, CAST(N'2016-06-20 12:40:05.880' AS DateTime), CAST(N'2016-06-20 12:40:05.880' AS DateTime), N'Initial Load', N'Initial Load', N'MainContent')
INSERT [dbo].[ItemContents] ([Id], [Title], [SortDescription], [Content], [SmallImage], [MediumImage], [BigImage], [IsActive], [IsDeleted], [ModifiedDate], [CreatedDate], [ModifiedBy], [CreatedBy], [ItemType]) VALUES (5, N'Just a Design Post', N'Lorem ipsum pariatur velit pariatur dolore aliqua voluptate', N'Lorem ipsum pariatur velit pariatur dolore aliqua voluptate sed Duis dolor ea cillum qui anim consequat quis sunt ex eu culpa veniam nisi nulla non dolor esse sit aliquip irure in amet reprehenderit quis voluptate occaecat in enim Duis.Aliqua voluptate sed Duis dolor ea cillum qui anim consequat quis sunt ex eu culpa veniam nisi nulla non dolor esse sit aliquip irure in amet reprehenderit quis voluptate occaecat in enim Duis.', NULL, NULL, NULL, 1, 0, CAST(N'2016-06-20 12:40:05.880' AS DateTime), CAST(N'2016-06-20 12:40:05.880' AS DateTime), N'Initial Load', N'Initial Load', N'MainContent')
INSERT [dbo].[ItemContents] ([Id], [Title], [SortDescription], [Content], [SmallImage], [MediumImage], [BigImage], [IsActive], [IsDeleted], [ModifiedDate], [CreatedDate], [ModifiedBy], [CreatedBy], [ItemType]) VALUES (6, N'Just a Nice Post', N'Lorem ipsum pariatur velit pariatur dolore aliqua voluptate', N'Lorem ipsum pariatur velit pariatur dolore aliqua voluptate sed Duis dolor ea cillum qui anim consequat quis sunt ex eu culpa veniam nisi nulla non dolor esse sit aliquip irure in amet reprehenderit quis voluptate occaecat in enim Duis.Aliqua voluptate sed Duis dolor ea cillum qui anim consequat quis sunt ex eu culpa veniam nisi nulla non dolor esse sit aliquip irure in amet reprehenderit quis voluptate occaecat in enim Duis.', NULL, NULL, NULL, 1, 0, CAST(N'2016-06-20 12:40:05.880' AS DateTime), CAST(N'2016-06-20 12:40:05.880' AS DateTime), N'Initial Load', N'Initial Load', N'MainContent')
INSERT [dbo].[ItemContents] ([Id], [Title], [SortDescription], [Content], [SmallImage], [MediumImage], [BigImage], [IsActive], [IsDeleted], [ModifiedDate], [CreatedDate], [ModifiedBy], [CreatedBy], [ItemType]) VALUES (7, N'Widget Title', N'Lorem ipsum pariatur velit pariatur dolore aliqua voluptate', N'Lorem ipsum pariatur velit pariatur dolore aliqua voluptate sed Duis dolor ea cillum qui anim consequat quis sunt ex eu culpa veniam nisi nulla non dolor esse sit aliquip irure in amet reprehenderit quis voluptate occaecat in enim Duis.Aliqua voluptate sed Duis dolor ea cillum qui anim consequat quis sunt ex eu culpa veniam nisi nulla non dolor esse sit aliquip irure in amet reprehenderit quis voluptate occaecat in enim Duis.', NULL, NULL, NULL, 1, 0, CAST(N'2016-06-20 12:40:05.880' AS DateTime), CAST(N'2016-06-20 12:40:05.880' AS DateTime), N'Initial Load', N'Initial Load', N'Widget')
INSERT [dbo].[ItemContents] ([Id], [Title], [SortDescription], [Content], [SmallImage], [MediumImage], [BigImage], [IsActive], [IsDeleted], [ModifiedDate], [CreatedDate], [ModifiedBy], [CreatedBy], [ItemType]) VALUES (8, N'Announcement Title', N'Lorem ipsum pariatur velit pariatur dolore aliqua voluptate', N'Lorem ipsum pariatur velit pariatur dolore aliqua voluptate sed Duis dolor ea cillum qui anim consequat quis sunt ex eu culpa veniam nisi nulla non dolor esse sit aliquip irure in amet reprehenderit quis voluptate occaecat in enim Duis.Aliqua voluptate sed Duis dolor ea cillum qui anim consequat quis sunt ex eu culpa veniam nisi nulla non dolor esse sit aliquip irure in amet reprehenderit quis voluptate occaecat in enim Duis.', NULL, NULL, NULL, 1, 0, CAST(N'2016-06-20 12:40:05.880' AS DateTime), CAST(N'2016-06-20 12:40:05.880' AS DateTime), N'Initial Load', N'Initial Load', N'Announcement')
INSERT [dbo].[ItemContents] ([Id], [Title], [SortDescription], [Content], [SmallImage], [MediumImage], [BigImage], [IsActive], [IsDeleted], [ModifiedDate], [CreatedDate], [ModifiedBy], [CreatedBy], [ItemType]) VALUES (9, N'Advertisement Title', N'Lorem ipsum pariatur velit pariatur dolore aliqua voluptate', N'Lorem ipsum pariatur velit pariatur dolore aliqua voluptate sed Duis dolor ea cillum qui anim consequat quis sunt ex eu culpa veniam nisi nulla non dolor esse sit aliquip irure in amet reprehenderit quis voluptate occaecat in enim Duis.Aliqua voluptate sed Duis dolor ea cillum qui anim consequat quis sunt ex eu culpa veniam nisi nulla non dolor esse sit aliquip irure in amet reprehenderit quis voluptate occaecat in enim Duis.', NULL, NULL, NULL, 1, 0, CAST(N'2016-06-20 12:40:05.880' AS DateTime), CAST(N'2016-06-20 12:40:05.880' AS DateTime), N'Initial Load', N'Initial Load', N'Advertisement')
INSERT [dbo].[ItemContents] ([Id], [Title], [SortDescription], [Content], [SmallImage], [MediumImage], [BigImage], [IsActive], [IsDeleted], [ModifiedDate], [CreatedDate], [ModifiedBy], [CreatedBy], [ItemType]) VALUES (11, N'News and Events', N'Arcus partners with Nordea Startup Accelerator to provide mentoring and drive innovation ', N'Arcus Wins Achievers Award for 50 Most Engaged Workplaces™ in North America for Fourth Consecutive Year Arcus and Sernova Financial in Strategic Partnership 
', NULL, NULL, NULL, 1, 0, CAST(N'2016-06-21 12:40:05.880' AS DateTime), CAST(N'2016-06-21 12:40:05.880' AS DateTime), N'Initial Load', N'Initial Load', N'Announcement')
INSERT [dbo].[ItemContents] ([Id], [Title], [SortDescription], [Content], [SmallImage], [MediumImage], [BigImage], [IsActive], [IsDeleted], [ModifiedDate], [CreatedDate], [ModifiedBy], [CreatedBy], [ItemType]) VALUES (12, N'Internet of Things: The Complete Reimaginative Force', N'Arcus Global Trend Study 2015

', N'Arcus Global Trend Study 2015

Learn how companies are experiencing a significant improvement in business profits through the Internet of Things (IoT).  ', NULL, NULL, NULL, 1, 0, CAST(N'2016-06-20 12:40:05.880' AS DateTime), CAST(N'2016-06-20 12:40:05.880' AS DateTime), N'Initial Load', N'Initial Load', N'Advertisement')
INSERT [dbo].[ItemContents] ([Id], [Title], [SortDescription], [Content], [SmallImage], [MediumImage], [BigImage], [IsActive], [IsDeleted], [ModifiedDate], [CreatedDate], [ModifiedBy], [CreatedBy], [ItemType]) VALUES (14, N'Insight', N'High Tech Companies Leverage Big Data to Increase Customer Satisfaction ', N'We highlight the need for green desktops and a transformational solution to implement a cloud-enabled Green Desktop Computing framework.', NULL, NULL, NULL, 1, 0, CAST(N'2016-06-20 12:40:05.880' AS DateTime), CAST(N'2016-06-20 12:40:05.880' AS DateTime), N'Intial Load', N'Initial Load', N'MainContent')
INSERT [dbo].[ItemContents] ([Id], [Title], [SortDescription], [Content], [SmallImage], [MediumImage], [BigImage], [IsActive], [IsDeleted], [ModifiedDate], [CreatedDate], [ModifiedBy], [CreatedBy], [ItemType]) VALUES (15, N'How to Drive BYOD in Your Organization ', N'
The Architect – Finding the Right Mix: On-Premise and Cloud-Based Computing

Charging for IT on the basis of usage, like electricity is billed, has always been an attractive proposition
', N'Charging for IT on the basis of usage, like electricity is billed, has always been an attractive proposition. Some think that utility computing could commoditize IT such that it ceases to play a strategic business role. Businesses would differentiate only on processes and business models.

 Not only is such thinking idealistic but also has flawed logic. ', NULL, NULL, NULL, 1, 0, CAST(N'2016-06-20 12:40:05.880' AS DateTime), CAST(N'2016-06-20 12:40:05.880' AS DateTime), N'Initial Load', N'Initial Load', N'MainContent')
SET IDENTITY_INSERT [dbo].[ItemContents] OFF
SET IDENTITY_INSERT [dbo].[Items] ON 

INSERT [dbo].[Items] ([Id], [ItemContentId], [ItemCategoryId], [ModifiedDate], [CreatedDate], [ModifiedBy], [CreatedBy]) VALUES (1, 4, 1, CAST(N'2016-06-20 12:40:05.880' AS DateTime), CAST(N'2016-06-20 12:40:05.880' AS DateTime), NULL, N'Initial Load')
INSERT [dbo].[Items] ([Id], [ItemContentId], [ItemCategoryId], [ModifiedDate], [CreatedDate], [ModifiedBy], [CreatedBy]) VALUES (2, 5, 1, CAST(N'2016-06-20 12:40:05.880' AS DateTime), CAST(N'2016-06-20 12:40:05.880' AS DateTime), NULL, N'Initial Load')
INSERT [dbo].[Items] ([Id], [ItemContentId], [ItemCategoryId], [ModifiedDate], [CreatedDate], [ModifiedBy], [CreatedBy]) VALUES (3, 6, 1, CAST(N'2016-06-20 12:40:05.880' AS DateTime), CAST(N'2016-06-20 12:40:05.880' AS DateTime), NULL, N'Initial Load')
INSERT [dbo].[Items] ([Id], [ItemContentId], [ItemCategoryId], [ModifiedDate], [CreatedDate], [ModifiedBy], [CreatedBy]) VALUES (4, 7, 1, CAST(N'2016-06-20 12:40:05.880' AS DateTime), CAST(N'2016-06-20 12:40:05.880' AS DateTime), NULL, N'Initial Load')
INSERT [dbo].[Items] ([Id], [ItemContentId], [ItemCategoryId], [ModifiedDate], [CreatedDate], [ModifiedBy], [CreatedBy]) VALUES (5, 8, 1, CAST(N'2016-06-20 12:40:05.880' AS DateTime), CAST(N'2016-06-20 12:40:05.880' AS DateTime), NULL, N'Initial Load')
INSERT [dbo].[Items] ([Id], [ItemContentId], [ItemCategoryId], [ModifiedDate], [CreatedDate], [ModifiedBy], [CreatedBy]) VALUES (6, 9, 1, CAST(N'2016-06-20 12:40:05.880' AS DateTime), CAST(N'2016-06-20 12:40:05.880' AS DateTime), NULL, N'Initial Load')
INSERT [dbo].[Items] ([Id], [ItemContentId], [ItemCategoryId], [ModifiedDate], [CreatedDate], [ModifiedBy], [CreatedBy]) VALUES (7, 11, 6, CAST(N'2016-06-20 12:40:05.880' AS DateTime), CAST(N'2016-06-20 12:40:05.880' AS DateTime), NULL, N'Initial Load')
INSERT [dbo].[Items] ([Id], [ItemContentId], [ItemCategoryId], [ModifiedDate], [CreatedDate], [ModifiedBy], [CreatedBy]) VALUES (8, 12, 6, CAST(N'2016-06-20 12:40:05.880' AS DateTime), CAST(N'2016-06-20 12:40:05.880' AS DateTime), NULL, N'Initial Load')
INSERT [dbo].[Items] ([Id], [ItemContentId], [ItemCategoryId], [ModifiedDate], [CreatedDate], [ModifiedBy], [CreatedBy]) VALUES (9, 14, 6, CAST(N'2016-06-20 12:40:05.880' AS DateTime), CAST(N'2016-06-20 12:40:05.880' AS DateTime), NULL, N'Initial Load')
INSERT [dbo].[Items] ([Id], [ItemContentId], [ItemCategoryId], [ModifiedDate], [CreatedDate], [ModifiedBy], [CreatedBy]) VALUES (10, 15, 6, CAST(N'2016-06-20 12:40:05.880' AS DateTime), CAST(N'2016-06-20 12:40:05.880' AS DateTime), NULL, N'Initial Load')
SET IDENTITY_INSERT [dbo].[Items] OFF
INSERT [dbo].[__MigrationHistory] ([MigrationId], [ContextKey], [Model], [ProductVersion]) VALUES (N'201606160633092_AutomaticMigration', N'Arcus.DataAccess.DefaultDBInitializer', 0x1F8B0800000000000400ED5C5F6FDB36107F1FB0EF20E8691B522B4931600BEC16899D6CC19AA48893626F0523D10E3189F2442AB031EC93ED611F695F6147FDA148EABF1D3B696114581392F7BBE3F1EE78D4DDFADF3FFF0EDF2F03DF7AC21123211DD9478343DBC2D40D3D42E7233BE6B3373FD9EFDF7DFBCDF0DC0B96D6A77CDD5BB10E28291BD98F9C2F4E1C87B98F38406C1010370A5938E303370C1CE485CEF1E1E1CFCED1918301C2062CCB1ADEC694930027BFC0AFE390BA78C163E45F851EF659360E33D304D5BA4601660BE4E2917D1AB9311B4C1047A7AE8B19B3AD539F2090638AFD996D214A438E38487972CFF09447219D4F173080FCBBD502C3BA19F219CEA43F299677DDC8E1B1D8885310E65020160F839E80476F33CD3826F95AFAB5A5E64077E7A063BE12BB4EF437B2C788E37918AD6CCB647632F623B150AA1726091D8CC32008E1AF8CEEC052670FA43980D5883F07D638F6791CE111C5318F907F607D8C1F7CE2FE865777E11F988E68ECFBAA882024CC690330F4310A1738E2AB5B3CCB04BFF46CCBD1E91C9350922934E9962E297F7B6C5BD7C01C3DF8585A80B2FD290F23FC0BA63882AD7A1F11E738A20203273A2C71377889FFE6DCC0E4C0776CEB0A2D3F603AE78F231B7EB4AD0BB2C45E3E9249704F09B81A10F128C615123673055F2133823DF005C95DFC7C478256DA7184C54EAB49D794E36CD5A0831F0F3BA9A093D4CFC1A86D8FD7E889CC13E330ED8AE30082CE2DF69359F6481669EC198899CF858F5D4461701BFA19899CF87C87A239E6B083B06A761AC6916B8833740A576E747001D5D7B905CDDEB1EB788172E072E2B0BA9D6D07A8EC9437C5DA7BFE4B787EE1DAEB3B7FEEDED5CE9F87863EB12833CF7AA1B445865CCA5CB568EA822AE97A85262945FF089591EE03550DAF3BC2FD174841A661C42798B91159A439EBAE059026B5F39D07C8F72F03347F0EADB74459EC9138D80DAF3332DF0DA3D3983F86D1D6D95CB253979327B99FB310621BA2FD6F6F36C13E06CFDC14687F75BFC2A4BDEB155999BA57DDA16B5D91791AF02B814B20721FD77EA74B80FD7559C3CBCD13F1C96689F8F891F8DEB80E6C1F095E2612D479DC2963A14B120352E24291B5EBC29F53CF6A4CE1D32DE441047601CE4416E03EC07A64FF50D2461DA08C2A0560F190D0418F6CD3F76E687A3159E29E131F1DC788B9C82B9F05E8C4D347C05D7124FC05F910BF1804004279D9B70975C902F94DA21B441D4382104AC29B3313BCC0547873D31974E26BBCBBCB32485686C2DAF433741483EA6067EA2DD3681995AFB20DADADF21AD331E50DF82A6DAE6203BB32BB8AF3E86C79C5C7A31D185E1AF6044FA0C05126C704CF109CE8E42C116659F5FEBE6738CB2C5816614D6312C053CCF554856048AA8A585B0A5E2593D451B2ACAC04901A7807E24CBB7518D2A05BA0CCBCA9795B4A7A66E02AA7A2CBA97C1852D6547E39328DA4ED16927B91EA2CD959DBBDA340A8E76AFAB2BEBBAE3BD7CEA166F3B581B15B68ECAF82AA6068A014A6D5590F79DA21FDAF28633A691D33AF773A3505CFE1155A2C2023520AA0D988354DAB9FE337D3FE85C120C5705C56511F94D24A4E905AA3393666C5A7160F5F908871517B7D4022E91A7B41695929DAD4F85ECEAE1450CA67973B624E227ECEBE2218C5E0419D1F159ABC80CD0522C0274F88B2ED5790267568E4A3A8E2C5320EFD38A0F5774D3D755A3454E9D391EE08FA0B4245D267BA236AEF0A15509BE82FA148F9ABE43B2B05D10ED29960CA70196BE818E75EBA854BF655CA61748BED64CF6920DAC894935BB0BF1957936DC7848D0C47036A4E7E5A30957CBD04DA90CBD7A3EE5DE555BB8ABC6D37F6989A3CA2A3E3D4526FC77FB2AA8D0A900D75C728956054B4D2640F0BCA9336CD7EAA33EA46F9944289269A32DEC34BD45A88E626EA4477BCA2DEA18215A3DD91F282868A938FF5887EB25EA159951CED83242B163A941CDE47CFAF207A56BD5D9F25832E9EB9EBA7D20D18DB09A8EA777D15451DEF6106E6D77DCD18CCC9BD3B7D31EE547AA99B4B2477F962375EE6C3EC95DCDEAF5C7A36A74B6C0B94F4443CF1649EAE18E41E89130EA67FFA639F24776CBEE00A5132C38CA72539FBF8F0E8D8687A7E3D0DC80E639EDFB10B79E7754522B4DA5A39EC593E4B1FED2903FA24A21D8ABE0BD0F2FB67690DF0E0676E54F57A94DADAA0D62C1066DB2C15EED692B10F6C8F625F7573ECD76173956DA9A4B2B3EE927A7839B2FF4A284FACCBDF3F6BC407D64D0421E6C43AB4FE7EA696D65E7248EA8D04D97BCED63DA7BA70F9A53A90D62EB959D4AE6981DC0CD4686BDC50C252AB622DDE9AED881BE1992D871B81E96D851B4199AD830F846FDE36B80EC83EBA6D35BAB53C56BFD81857EE714BD83C4F879B01D5296EECCDF819CD78DD5EB6A21361D7ED667A0D7E8D8EA6B57A871A0AC25B6916FA4A7BD2CCFFCF62973D632F6338CDC5A417B69D57D055566E07A9F95E6D7EF6696A184BBF8D41307F08E19CD3A0D8D09354D51356DB4F56855DD92FD4D46AD6D66956C7A4B69DA8AD17AD495FCA9A06C5E96D6D3B6D5933CF5CEFB3696BD32AF564BDCE9E34C3324AB5E46D6EB347CB59F983358404E59FE18088C4C8BC8010FF2807C5AE160CE49A4B3A0BF3D06448942F29BD1A39F2449529E264865C0ED3A2DC94B4FF7F427E0C4BCE8307EC5DD29B982F620E5BC6C183AF5989886D4DFC93BE3A5DE6E14DF22A67CFB1051093882CF3869EC590144BB92F2AB2B61A081134B3145F9C2517A9FE7C2591AE43DA1128539F8CF5773858F800C66EE81489376B7FD9EE19FE80E7C85DE575877A90F683D0D53E9C10348F50C0328C821E7E051BF682E5BBFF0182EA6E858D460000, N'6.1.1-30610')
INSERT [dbo].[__MigrationHistory] ([MigrationId], [ContextKey], [Model], [ProductVersion]) VALUES (N'201606200900125_AutomaticMigration', N'Arcus.DataAccess.DefaultDBInitializer', 0x1F8B0800000000000400ED5CDB6EE336107D2FD07F10F4D416592BC9A2401BD8BB489CA40DBA491671B2E8DB82916887A844B92215D828FA657DE827F5173AD48522A9BB6FC92E8C05B236C939331CCD0C879A49FEFBE7DFE1FB45E05BCF386224A423FB6870685B98BAA147E86C64C77CFAE627FBFDBB6FBF195E78C1C2FA94AF7B2BD601256523FB89F3F989E330F70907880D02E246210BA77CE0868183BCD0393E3CFCD9393A723040D8806559C3BB987212E0E40B7C1D87D4C5731E23FF3AF4B0CFB271989924A8D60D0A309B23178FECD3C88DD9E01C7174EABA9831DB3AF509023926D89FDA16A234E4888394270F0C4F7814D2D9640E03C8BF5FCE31AC9B229FE14CFA936279D78D1C1E8B8D3805610E0562F130E80978F436D38C6392AFA45F5B6A0E7477013AE64BB1EB447F237B8C389E85D1D2B64C6627633F120BA57A6192D0C1380C8210FECBE80E2C75F6409A03588DF877608D639FC7111E511CF308F907D6C7F8D127EE6F78791FFE81E988C6BEAF8A0842C29C3600431FA3708E23BEBCC3D34CF02BCFB61C9DCE3109259942936EE98AF2B7C7B67503CCD1A38FA50528DB9FF030C2BF608A23D8AAF711718E232A3070A2C312778397F89973039303DFB1AD6BB4F880E98C3F8D6CF8685B976481BD7C2493E08112703520E2518C2B246CE60ABE42A6047BE00B92BBF87C4F8256DA7184C54EAB495794E36CD9A0831F0F3BA9A093D49B60D4B6C71BF44C6689719876C5710041E70EFBC92C7B22F334F60CC4CCE7C2C72EA330B80BFD8C444E7CBE47D10C73D84158353B09E3C835C4193A852B373AB880EAEBDC8266EFD875BC403970387158DDCEB60354F694D7C5DA7BFE4B787EE1DAAB3B7FEEDED5CE9F87863EB12833CF7AA1B445865CCA5CB568EA822AE97A85262945FF089591EE03550DAF7BC2FD1748412661C4CF317323324F73D65D0B204D6AE73B0F90EF5F0568B609ADB74459EC9138D80DAF3332DB0D23E1D482C5F619B153979367C9E82C84E88668FFF39B9D631F836FAE0BB43FBC5F61DADEF590AC4CDEAB4ED1950EC93C11F895C03110B94F2BDFD425C0FEC0ACE1E5E6A9F8F97AA9F8F889F8DEB80E6C1F095E2612D479DC2963A14B120352E24291B7EBC25F50CF6A4CE2D32DE441047601CE44E6E03EC07A64FF50D2461DA08C2A05607195D0418F6CD3F76E697A3059E29C13AF1DC788B9C82B3F0BD089A78F80BBE248F80BF2217E31080084F2B26F13EA9239F29B4437883A86042194843767CEF11C53E1CD4DCFA0135FE3E65D9641B23214D6A69FA1A31854073B534F9946CBA8BC97AD696D95C7988E294FC0576973151BD895D9553C8FCE9657BC3EDA81E1A5614FF0040A1C65729CE32982277A7E9608B3A8BA813F309C65162C8BB0A63109E009E67AAA4230245545AC2D05AF9249EA2859565602480DBC0371A6DD3A0C69D02D5066DED4BC2D253D337095A7A2CBA9BC1A52D654BE3B328DA4ED14927B91EA2CD959DBB9A340A8CFD5F4657D775D77AE3D879ACDD706C66EA1B1BF0AAA82A181529856673DE46987F4BFA290E9A495CCBCE2E9D4943C87D7683E878C4829816623D624AD7F8EDF4CFA97068314C371594585504A2B39416A8D66D898152F5B3C7C4922C645F5F51189A46BEC05A565A56853E37B39BB5240293FBBDC117312F1392533CBC1833A3F2A3479099B0B44804FAE1065DBAF204D2AD1C84751C58D651CFA7140EBCF9A7AEAB46CA8D2A723DD11F41B848AA4CF7447D4EE152AA036D15F4291F257C977560AA21DA433C194E132D6D0319E7BE9142ED9572987D12DB6933DA781682D534E4EC1FE665C4DB61D1336321C0DA839F969C154F2F51268432E5F8FBA779557ED2AF2B45DDB636AF2888E8E534BBD1DFFC9EA362A4036D41DA3548451D14A933D2C284FDA34FBA9CEA81BE5534A259A68CA780F2F51AB219A9BA813DDF18A8A870A568CF68B5B6949C38C58E9680F2459B3D090E4681F2459B5D0A1E4F03E827E0511B4EAFEBA912CBAB8EAAE9E4E37606C27A8AAEFF6551475BC8719986FF835633027F7EEF4C5B853E9B66E2E91DCE5ADDDB89D0FB39B727BD772E9EA9C2EB12D50D233F1C4B579B2647054244E3898FCE98F7D929CB3F9826B44C914339E96E5ECE3C3A363A3F5F9F5B4213B8C797EC75EE49DD71689D06A6BF5B067092DBDB8A70CE8B3887628FA2E408BEF37D21EE0C1676E54F67A94DBDAA0562C1266DB2C15EF5692B10F6C8F825F758BECD7617395CDA9A4B2BFEE8A7A7831B2FF4A284FACABDF3F6BC407D66D0421E6C43AB4FEDE50636B2F3924F55A82EC3D67EB9E535DBCFC521D486B9A5C2F6AD73442AE076A3437AE2961A961B1166FC5A6C4B5F0CCC6C3B5C0CCE6C2F5C08C06C247C2D76F1E5C05641FDFB61ADF5AAEAB5F6C942B77BA256C36D3E76640758A1C7B33DEA019AFDAD156F423ECBAE94CAFC4AFD0D7B45207514359782B2D435F69679AF9FB16BBEC1C7B19C3692E29BDB0EDBC82DEB2725348CD1B6BF3C54F53DB58FA760C82F96308CF390D8A0D9D49559D61B55D6555D8955D434D0D676DFD66754C6A9B8ADA3AD29AF4A5AC69509CDEDCB6D3C635F399EBDD366DCD5AA5CEACD7D999665846A9A2BCCD6DF6683C2BBFB28690A0FC390E88488CCC0A08F1C7392876B56020D75CD16998872643A27C49E9DEC89127EA4C112753E472981605A7E497003E213F862517C123F6AEE86DCCE731872DE3E0D1D7AC44C4B626FE49779D2EF3F036B997B34D6C01C42422CBBCA5673124C552EECB8AACAD064204CD2CC517CF928B547FB694483721ED0894A94FC6FA7B1CCC7D0063B77482C49DB5BF6C0F0C7FC033E42EF3CA433D48FB83D0D53E3C276816A1806518053D7C051BF682C5BBFF017EC3D8B695460000, N'6.1.1-30610')
SET IDENTITY_INSERT [dbo].[CategoryHierarchies] ON 

INSERT [dbo].[CategoryHierarchies] ([Id], [categoryID], [ChildCategoryID], [ModifiedDate], [CreatedDate], [ModifiedBy], [CreatedBy]) VALUES (1, 2, 5, CAST(N'2016-06-16 12:40:05.880' AS DateTime), CAST(N'2016-06-16 12:40:05.880' AS DateTime), N'Initial Load', N'Initial Load')
INSERT [dbo].[CategoryHierarchies] ([Id], [categoryID], [ChildCategoryID], [ModifiedDate], [CreatedDate], [ModifiedBy], [CreatedBy]) VALUES (2, 2, 6, CAST(N'2016-06-16 12:40:05.880' AS DateTime), CAST(N'2016-06-16 12:40:05.880' AS DateTime), N'Initial Load', N'Initial Load')
INSERT [dbo].[CategoryHierarchies] ([Id], [categoryID], [ChildCategoryID], [ModifiedDate], [CreatedDate], [ModifiedBy], [CreatedBy]) VALUES (4, 1, NULL, CAST(N'2016-06-16 12:40:05.880' AS DateTime), CAST(N'2016-06-16 12:40:05.880' AS DateTime), N'Initial Load', N'Initial Load')
INSERT [dbo].[CategoryHierarchies] ([Id], [categoryID], [ChildCategoryID], [ModifiedDate], [CreatedDate], [ModifiedBy], [CreatedBy]) VALUES (5, 3, NULL, CAST(N'2016-06-16 12:40:05.880' AS DateTime), CAST(N'2016-06-16 12:40:05.880' AS DateTime), N'Initial Load', N'Initial Load')
INSERT [dbo].[CategoryHierarchies] ([Id], [categoryID], [ChildCategoryID], [ModifiedDate], [CreatedDate], [ModifiedBy], [CreatedBy]) VALUES (6, 4, NULL, CAST(N'2016-06-16 12:40:05.880' AS DateTime), CAST(N'2016-06-16 12:40:05.880' AS DateTime), N'Initial Load', N'Initial Load')
SET IDENTITY_INSERT [dbo].[CategoryHierarchies] OFF
